ALL SAINTS ANGLICAN PARISH,Arctic Bay,NU,,
CCFI,Iqaluit,NU,8678881212,http://www.ccfi-ministries.org
CHURCH OF THE HOLY COMFORTER,Rankin Inlet,NU,,
Generate Barcode,City,NU,001–9811111111,http://www.barcodegenerator.net
Iqaluit Christian Fellowship,Iqaluit,NU,867-979-4325,http://i-c-f.ca/
Iqaluit Christian Fellowship,Iqaluit,NU,867-979-4325,http://i-c-f.ca/
IQALUIT PENTECOSTAL CHURCH,Iqaluit,NU,867.979.5779,
RCCG-Living Water Parish,Iqaluit,NU,8678771474,https://rccgiqaluit.ca
ST GEORGE'S CHURCH,Cambridge Bay,NU,,
